ID,NO,AREA,CATEGORY,STATUS,AREA NAME
10056,TF1A001,84,14,锁定,铁道一楼A区（学生阅览室A）
10057,TF1A002,84,14,锁定,铁道一楼A区（学生阅览室A）
10058,TF1A003,84,14,锁定,铁道一楼A区（学生阅览室A）
10059,TF1A004,84,14,锁定,铁道一楼A区（学生阅览室A）
10060,TF1A005,84,14,未锁定,铁道一楼A区（学生阅览室A）
10061,TF1A006,84,14,未锁定,铁道一楼A区（学生阅览室A）
10170,TF1A115,84,14,未锁定,铁道一楼A区（学生阅览室A）
10171,TF1A116,84,14,未锁定,铁道一楼A区（学生阅览室A）
10164,TF1A109,84,14,锁定,铁道一楼A区（学生阅览室A）
10165,TF1A110,84,14,锁定,铁道一楼A区（学生阅览室A）
10166,TF1A111,84,14,未锁定,铁道一楼A区（学生阅览室A）
10167,TF1A112,84,14,未锁定,铁道一楼A区（学生阅览室A）
10168,TF1A113,84,14,锁定,铁道一楼A区（学生阅览室A）
10169,TF1A114,84,14,锁定,铁道一楼A区（学生阅览室A）
10158,TF1A103,84,14,未锁定,铁道一楼A区（学生阅览室A）
10159,TF1A104,84,14,未锁定,铁道一楼A区（学生阅览室A）
10160,TF1A105,84,14,锁定,铁道一楼A区（学生阅览室A）
10161,TF1A106,84,14,锁定,铁道一楼A区（学生阅览室A）
10162,TF1A107,84,14,未锁定,铁道一楼A区（学生阅览室A）
10163,TF1A108,84,14,未锁定,铁道一楼A区（学生阅览室A）
10152,TF1A097,84,14,锁定,铁道一楼A区（学生阅览室A）
10153,TF1A098,84,14,锁定,铁道一楼A区（学生阅览室A）
10154,TF1A099,84,14,未锁定,铁道一楼A区（学生阅览室A）
10155,TF1A100,84,14,未锁定,铁道一楼A区（学生阅览室A）
10156,TF1A101,84,14,锁定,铁道一楼A区（学生阅览室A）
10157,TF1A102,84,14,锁定,铁道一楼A区（学生阅览室A）
10146,TF1A091,84,14,未锁定,铁道一楼A区（学生阅览室A）
10147,TF1A092,84,14,未锁定,铁道一楼A区（学生阅览室A）
10148,TF1A093,84,14,锁定,铁道一楼A区（学生阅览室A）
10149,TF1A094,84,14,锁定,铁道一楼A区（学生阅览室A）
10150,TF1A095,84,14,未锁定,铁道一楼A区（学生阅览室A）
10151,TF1A096,84,14,未锁定,铁道一楼A区（学生阅览室A）
10140,TF1A085,84,14,锁定,铁道一楼A区（学生阅览室A）
10141,TF1A086,84,14,锁定,铁道一楼A区（学生阅览室A）
10142,TF1A087,84,14,未锁定,铁道一楼A区（学生阅览室A）
10143,TF1A088,84,14,未锁定,铁道一楼A区（学生阅览室A）
10144,TF1A089,84,14,锁定,铁道一楼A区（学生阅览室A）
10145,TF1A090,84,14,锁定,铁道一楼A区（学生阅览室A）
10134,TF1A079,84,14,未锁定,铁道一楼A区（学生阅览室A）
10135,TF1A080,84,14,未锁定,铁道一楼A区（学生阅览室A）
10136,TF1A081,84,14,锁定,铁道一楼A区（学生阅览室A）
10137,TF1A082,84,14,锁定,铁道一楼A区（学生阅览室A）
10138,TF1A083,84,14,未锁定,铁道一楼A区（学生阅览室A）
10139,TF1A084,84,14,未锁定,铁道一楼A区（学生阅览室A）
10128,TF1A073,84,14,锁定,铁道一楼A区（学生阅览室A）
10129,TF1A074,84,14,锁定,铁道一楼A区（学生阅览室A）
10130,TF1A075,84,14,锁定,铁道一楼A区（学生阅览室A）
10131,TF1A076,84,14,锁定,铁道一楼A区（学生阅览室A）
10132,TF1A077,84,14,未锁定,铁道一楼A区（学生阅览室A）
10133,TF1A078,84,14,未锁定,铁道一楼A区（学生阅览室A）
10122,TF1A067,84,14,锁定,铁道一楼A区（学生阅览室A）
10123,TF1A068,84,14,锁定,铁道一楼A区（学生阅览室A）
10124,TF1A069,84,14,未锁定,铁道一楼A区（学生阅览室A）
10125,TF1A070,84,14,未锁定,铁道一楼A区（学生阅览室A）
10126,TF1A071,84,14,未锁定,铁道一楼A区（学生阅览室A）
10127,TF1A072,84,14,未锁定,铁道一楼A区（学生阅览室A）
10116,TF1A061,84,14,未锁定,铁道一楼A区（学生阅览室A）
10117,TF1A062,84,14,未锁定,铁道一楼A区（学生阅览室A）
10118,TF1A063,84,14,未锁定,铁道一楼A区（学生阅览室A）
10119,TF1A064,84,14,未锁定,铁道一楼A区（学生阅览室A）
10120,TF1A065,84,14,锁定,铁道一楼A区（学生阅览室A）
10121,TF1A066,84,14,锁定,铁道一楼A区（学生阅览室A）
10110,TF1A055,84,14,未锁定,铁道一楼A区（学生阅览室A）
10111,TF1A056,84,14,未锁定,铁道一楼A区（学生阅览室A）
10112,TF1A057,84,14,锁定,铁道一楼A区（学生阅览室A）
10113,TF1A058,84,14,锁定,铁道一楼A区（学生阅览室A）
10114,TF1A059,84,14,锁定,铁道一楼A区（学生阅览室A）
10115,TF1A060,84,14,锁定,铁道一楼A区（学生阅览室A）
10104,TF1A049,84,14,锁定,铁道一楼A区（学生阅览室A）
10105,TF1A050,84,14,锁定,铁道一楼A区（学生阅览室A）
10106,TF1A051,84,14,锁定,铁道一楼A区（学生阅览室A）
10107,TF1A052,84,14,锁定,铁道一楼A区（学生阅览室A）
10108,TF1A053,84,14,未锁定,铁道一楼A区（学生阅览室A）
10109,TF1A054,84,14,未锁定,铁道一楼A区（学生阅览室A）
10098,TF1A043,84,14,锁定,铁道一楼A区（学生阅览室A）
10099,TF1A044,84,14,锁定,铁道一楼A区（学生阅览室A）
10100,TF1A045,84,14,未锁定,铁道一楼A区（学生阅览室A）
10101,TF1A046,84,14,未锁定,铁道一楼A区（学生阅览室A）
10102,TF1A047,84,14,未锁定,铁道一楼A区（学生阅览室A）
10103,TF1A048,84,14,未锁定,铁道一楼A区（学生阅览室A）
10092,TF1A037,84,14,未锁定,铁道一楼A区（学生阅览室A）
10093,TF1A038,84,14,未锁定,铁道一楼A区（学生阅览室A）
10094,TF1A039,84,14,未锁定,铁道一楼A区（学生阅览室A）
10095,TF1A040,84,14,未锁定,铁道一楼A区（学生阅览室A）
10096,TF1A041,84,14,锁定,铁道一楼A区（学生阅览室A）
10097,TF1A042,84,14,锁定,铁道一楼A区（学生阅览室A）
10086,TF1A031,84,14,未锁定,铁道一楼A区（学生阅览室A）
10087,TF1A032,84,14,未锁定,铁道一楼A区（学生阅览室A）
10088,TF1A033,84,14,锁定,铁道一楼A区（学生阅览室A）
10089,TF1A034,84,14,锁定,铁道一楼A区（学生阅览室A）
10090,TF1A035,84,14,锁定,铁道一楼A区（学生阅览室A）
10091,TF1A036,84,14,锁定,铁道一楼A区（学生阅览室A）
10080,TF1A025,84,14,锁定,铁道一楼A区（学生阅览室A）
10081,TF1A026,84,14,锁定,铁道一楼A区（学生阅览室A）
10082,TF1A027,84,14,锁定,铁道一楼A区（学生阅览室A）
10083,TF1A028,84,14,锁定,铁道一楼A区（学生阅览室A）
10084,TF1A029,84,14,未锁定,铁道一楼A区（学生阅览室A）
10085,TF1A030,84,14,未锁定,铁道一楼A区（学生阅览室A）
10074,TF1A019,84,14,锁定,铁道一楼A区（学生阅览室A）
10075,TF1A020,84,14,锁定,铁道一楼A区（学生阅览室A）
10076,TF1A021,84,14,未锁定,铁道一楼A区（学生阅览室A）
10077,TF1A022,84,14,未锁定,铁道一楼A区（学生阅览室A）
10078,TF1A023,84,14,未锁定,铁道一楼A区（学生阅览室A）
10079,TF1A024,84,14,未锁定,铁道一楼A区（学生阅览室A）
10068,TF1A013,84,14,未锁定,铁道一楼A区（学生阅览室A）
10069,TF1A014,84,14,未锁定,铁道一楼A区（学生阅览室A）
10070,TF1A015,84,14,未锁定,铁道一楼A区（学生阅览室A）
10071,TF1A016,84,14,未锁定,铁道一楼A区（学生阅览室A）
10072,TF1A017,84,14,锁定,铁道一楼A区（学生阅览室A）
10073,TF1A018,84,14,锁定,铁道一楼A区（学生阅览室A）
10062,TF1A007,84,14,未锁定,铁道一楼A区（学生阅览室A）
10063,TF1A008,84,14,未锁定,铁道一楼A区（学生阅览室A）
10064,TF1A009,84,14,锁定,铁道一楼A区（学生阅览室A）
10065,TF1A010,84,14,锁定,铁道一楼A区（学生阅览室A）
10066,TF1A011,84,14,锁定,铁道一楼A区（学生阅览室A）
10067,TF1A012,84,14,锁定,铁道一楼A区（学生阅览室A）
10172,TF1B001,85,14,锁定,铁道一楼B区（学生阅览室B）
10173,TF1B002,85,14,锁定,铁道一楼B区（学生阅览室B）
10174,TF1B003,85,14,锁定,铁道一楼B区（学生阅览室B）
10175,TF1B004,85,14,未锁定,铁道一楼B区（学生阅览室B）
10176,TF1B005,85,14,未锁定,铁道一楼B区（学生阅览室B）
10177,TF1B006,85,14,未锁定,铁道一楼B区（学生阅览室B）
11161,TF1B091,85,14,锁定,铁道一楼B区（学生阅览室B）
11162,TF1B092,85,14,锁定,铁道一楼B区（学生阅览室B）
11163,TF1B093,85,14,锁定,铁道一楼B区（学生阅览室B）
11164,TF1B094,85,14,未锁定,铁道一楼B区（学生阅览室B）
11165,TF1B095,85,14,未锁定,铁道一楼B区（学生阅览室B）
11166,TF1B096,85,14,未锁定,铁道一楼B区（学生阅览室B）
11155,TF1B085,85,14,锁定,铁道一楼B区（学生阅览室B）
11156,TF1B086,85,14,锁定,铁道一楼B区（学生阅览室B）
11157,TF1B087,85,14,锁定,铁道一楼B区（学生阅览室B）
11158,TF1B088,85,14,未锁定,铁道一楼B区（学生阅览室B）
11159,TF1B089,85,14,未锁定,铁道一楼B区（学生阅览室B）
11160,TF1B090,85,14,未锁定,铁道一楼B区（学生阅览室B）
10250,TF1B079,85,14,锁定,铁道一楼B区（学生阅览室B）
10251,TF1B080,85,14,锁定,铁道一楼B区（学生阅览室B）
10252,TF1B081,85,14,锁定,铁道一楼B区（学生阅览室B）
11152,TF1B082,85,14,未锁定,铁道一楼B区（学生阅览室B）
11153,TF1B083,85,14,未锁定,铁道一楼B区（学生阅览室B）
11154,TF1B084,85,14,未锁定,铁道一楼B区（学生阅览室B）
10244,TF1B073,85,14,锁定,铁道一楼B区（学生阅览室B）
10245,TF1B074,85,14,锁定,铁道一楼B区（学生阅览室B）
10246,TF1B075,85,14,锁定,铁道一楼B区（学生阅览室B）
10247,TF1B076,85,14,未锁定,铁道一楼B区（学生阅览室B）
10248,TF1B077,85,14,未锁定,铁道一楼B区（学生阅览室B）
10249,TF1B078,85,14,未锁定,铁道一楼B区（学生阅览室B）
10238,TF1B067,85,14,锁定,铁道一楼B区（学生阅览室B）
10239,TF1B068,85,14,锁定,铁道一楼B区（学生阅览室B）
10240,TF1B069,85,14,锁定,铁道一楼B区（学生阅览室B）
10241,TF1B070,85,14,未锁定,铁道一楼B区（学生阅览室B）
10242,TF1B071,85,14,未锁定,铁道一楼B区（学生阅览室B）
10243,TF1B072,85,14,未锁定,铁道一楼B区（学生阅览室B）
10232,TF1B061,85,14,锁定,铁道一楼B区（学生阅览室B）
10233,TF1B062,85,14,锁定,铁道一楼B区（学生阅览室B）
10234,TF1B063,85,14,锁定,铁道一楼B区（学生阅览室B）
10235,TF1B064,85,14,未锁定,铁道一楼B区（学生阅览室B）
10236,TF1B065,85,14,未锁定,铁道一楼B区（学生阅览室B）
10237,TF1B066,85,14,未锁定,铁道一楼B区（学生阅览室B）
10226,TF1B055,85,14,锁定,铁道一楼B区（学生阅览室B）
10227,TF1B056,85,14,锁定,铁道一楼B区（学生阅览室B）
10228,TF1B057,85,14,锁定,铁道一楼B区（学生阅览室B）
10229,TF1B058,85,14,未锁定,铁道一楼B区（学生阅览室B）
10230,TF1B059,85,14,未锁定,铁道一楼B区（学生阅览室B）
10231,TF1B060,85,14,未锁定,铁道一楼B区（学生阅览室B）
10220,TF1B049,85,14,锁定,铁道一楼B区（学生阅览室B）
10221,TF1B050,85,14,锁定,铁道一楼B区（学生阅览室B）
10222,TF1B051,85,14,锁定,铁道一楼B区（学生阅览室B）
10223,TF1B052,85,14,未锁定,铁道一楼B区（学生阅览室B）
10224,TF1B053,85,14,未锁定,铁道一楼B区（学生阅览室B）
10225,TF1B054,85,14,未锁定,铁道一楼B区（学生阅览室B）
10214,TF1B043,85,14,锁定,铁道一楼B区（学生阅览室B）
10215,TF1B044,85,14,锁定,铁道一楼B区（学生阅览室B）
10216,TF1B045,85,14,锁定,铁道一楼B区（学生阅览室B）
10217,TF1B046,85,14,未锁定,铁道一楼B区（学生阅览室B）
10218,TF1B047,85,14,未锁定,铁道一楼B区（学生阅览室B）
10219,TF1B048,85,14,未锁定,铁道一楼B区（学生阅览室B）
10208,TF1B037,85,14,锁定,铁道一楼B区（学生阅览室B）
10209,TF1B038,85,14,锁定,铁道一楼B区（学生阅览室B）
10210,TF1B039,85,14,锁定,铁道一楼B区（学生阅览室B）
10211,TF1B040,85,14,未锁定,铁道一楼B区（学生阅览室B）
10212,TF1B041,85,14,未锁定,铁道一楼B区（学生阅览室B）
10213,TF1B042,85,14,未锁定,铁道一楼B区（学生阅览室B）
10202,TF1B031,85,14,锁定,铁道一楼B区（学生阅览室B）
10203,TF1B032,85,14,锁定,铁道一楼B区（学生阅览室B）
10204,TF1B033,85,14,锁定,铁道一楼B区（学生阅览室B）
10205,TF1B034,85,14,未锁定,铁道一楼B区（学生阅览室B）
10206,TF1B035,85,14,未锁定,铁道一楼B区（学生阅览室B）
10207,TF1B036,85,14,未锁定,铁道一楼B区（学生阅览室B）
10196,TF1B025,85,14,锁定,铁道一楼B区（学生阅览室B）
10197,TF1B026,85,14,锁定,铁道一楼B区（学生阅览室B）
10198,TF1B027,85,14,锁定,铁道一楼B区（学生阅览室B）
10199,TF1B028,85,14,未锁定,铁道一楼B区（学生阅览室B）
10200,TF1B029,85,14,未锁定,铁道一楼B区（学生阅览室B）
10201,TF1B030,85,14,未锁定,铁道一楼B区（学生阅览室B）
10190,TF1B019,85,14,锁定,铁道一楼B区（学生阅览室B）
10191,TF1B020,85,14,锁定,铁道一楼B区（学生阅览室B）
10192,TF1B021,85,14,锁定,铁道一楼B区（学生阅览室B）
10193,TF1B022,85,14,未锁定,铁道一楼B区（学生阅览室B）
10194,TF1B023,85,14,未锁定,铁道一楼B区（学生阅览室B）
10195,TF1B024,85,14,未锁定,铁道一楼B区（学生阅览室B）
10184,TF1B013,85,14,锁定,铁道一楼B区（学生阅览室B）
10185,TF1B014,85,14,锁定,铁道一楼B区（学生阅览室B）
10186,TF1B015,85,14,锁定,铁道一楼B区（学生阅览室B）
10187,TF1B016,85,14,未锁定,铁道一楼B区（学生阅览室B）
10188,TF1B017,85,14,未锁定,铁道一楼B区（学生阅览室B）
10189,TF1B018,85,14,未锁定,铁道一楼B区（学生阅览室B）
10178,TF1B007,85,14,锁定,铁道一楼B区（学生阅览室B）
10179,TF1B008,85,14,锁定,铁道一楼B区（学生阅览室B）
10181,TF1B010,85,14,未锁定,铁道一楼B区（学生阅览室B）
10182,TF1B011,85,14,未锁定,铁道一楼B区（学生阅览室B）
10183,TF1B012,85,14,未锁定,铁道一楼B区（学生阅览室B）
10253,TF2A001,87,14,锁定,铁道二楼A区
10254,TF2A002,87,14,锁定,铁道二楼A区
10255,TF2A003,87,14,未锁定,铁道二楼A区
10256,TF2A004,87,14,未锁定,铁道二楼A区
10257,TF2A005,87,14,锁定,铁道二楼A区
10258,TF2A006,87,14,锁定,铁道二楼A区
10319,TF2A067,87,14,未锁定,铁道二楼A区
10320,TF2A068,87,14,未锁定,铁道二楼A区
10321,TF2A069,87,14,锁定,铁道二楼A区
10322,TF2A070,87,14,锁定,铁道二楼A区
10323,TF2A071,87,14,未锁定,铁道二楼A区
10324,TF2A072,87,14,未锁定,铁道二楼A区
10313,TF2A061,87,14,锁定,铁道二楼A区
10314,TF2A062,87,14,锁定,铁道二楼A区
10315,TF2A063,87,14,未锁定,铁道二楼A区
10316,TF2A064,87,14,未锁定,铁道二楼A区
10317,TF2A065,87,14,锁定,铁道二楼A区
10318,TF2A066,87,14,锁定,铁道二楼A区
10307,TF2A055,87,14,未锁定,铁道二楼A区
10308,TF2A056,87,14,未锁定,铁道二楼A区
10309,TF2A057,87,14,锁定,铁道二楼A区
10310,TF2A058,87,14,锁定,铁道二楼A区
10311,TF2A059,87,14,未锁定,铁道二楼A区
10312,TF2A060,87,14,未锁定,铁道二楼A区
10301,TF2A049,87,14,锁定,铁道二楼A区
10302,TF2A050,87,14,锁定,铁道二楼A区
10303,TF2A051,87,14,未锁定,铁道二楼A区
10304,TF2A052,87,14,未锁定,铁道二楼A区
10305,TF2A053,87,14,锁定,铁道二楼A区
10306,TF2A054,87,14,锁定,铁道二楼A区
10295,TF2A043,87,14,未锁定,铁道二楼A区
10296,TF2A044,87,14,未锁定,铁道二楼A区
10297,TF2A045,87,14,锁定,铁道二楼A区
10298,TF2A046,87,14,锁定,铁道二楼A区
10299,TF2A047,87,14,未锁定,铁道二楼A区
10300,TF2A048,87,14,未锁定,铁道二楼A区
10289,TF2A037,87,14,锁定,铁道二楼A区
10290,TF2A038,87,14,锁定,铁道二楼A区
10291,TF2A039,87,14,未锁定,铁道二楼A区
10292,TF2A040,87,14,未锁定,铁道二楼A区
10293,TF2A041,87,14,锁定,铁道二楼A区
10294,TF2A042,87,14,锁定,铁道二楼A区
10283,TF2A031,87,14,未锁定,铁道二楼A区
10284,TF2A032,87,14,未锁定,铁道二楼A区
10285,TF2A033,87,14,锁定,铁道二楼A区
10286,TF2A034,87,14,锁定,铁道二楼A区
10287,TF2A035,87,14,未锁定,铁道二楼A区
10288,TF2A036,87,14,未锁定,铁道二楼A区
10277,TF2A025,87,14,锁定,铁道二楼A区
10278,TF2A026,87,14,锁定,铁道二楼A区
10279,TF2A027,87,14,未锁定,铁道二楼A区
10280,TF2A028,87,14,未锁定,铁道二楼A区
10281,TF2A029,87,14,锁定,铁道二楼A区
10282,TF2A030,87,14,锁定,铁道二楼A区
10271,TF2A019,87,14,未锁定,铁道二楼A区
10272,TF2A020,87,14,未锁定,铁道二楼A区
10273,TF2A021,87,14,锁定,铁道二楼A区
10274,TF2A022,87,14,锁定,铁道二楼A区
10275,TF2A023,87,14,未锁定,铁道二楼A区
10276,TF2A024,87,14,未锁定,铁道二楼A区
10265,TF2A013,87,14,锁定,铁道二楼A区
10266,TF2A014,87,14,锁定,铁道二楼A区
10267,TF2A015,87,14,未锁定,铁道二楼A区
10268,TF2A016,87,14,未锁定,铁道二楼A区
10269,TF2A017,87,14,锁定,铁道二楼A区
10270,TF2A018,87,14,锁定,铁道二楼A区
10259,TF2A007,87,14,未锁定,铁道二楼A区
10260,TF2A008,87,14,未锁定,铁道二楼A区
10261,TF2A009,87,14,锁定,铁道二楼A区
10262,TF2A010,87,14,锁定,铁道二楼A区
10263,TF2A011,87,14,未锁定,铁道二楼A区
10264,TF2A012,87,14,未锁定,铁道二楼A区
11463,B001,114,14,锁定,铁道二楼B区
11464,B002,114,14,锁定,铁道二楼B区
11465,B003,114,14,锁定,铁道二楼B区
11466,B004,114,14,未锁定,铁道二楼B区
11467,B005,114,14,未锁定,铁道二楼B区
11468,B006,114,14,未锁定,铁道二楼B区
11565,B103,114,14,锁定,铁道二楼B区
11566,B104,114,14,锁定,铁道二楼B区
11567,B105,114,14,锁定,铁道二楼B区
11568,B106,114,14,未锁定,铁道二楼B区
11569,B107,114,14,未锁定,铁道二楼B区
11570,B108,114,14,未锁定,铁道二楼B区
11559,B097,114,14,锁定,铁道二楼B区
11560,B098,114,14,锁定,铁道二楼B区
11561,B099,114,14,锁定,铁道二楼B区
11562,B100,114,14,未锁定,铁道二楼B区
11563,B101,114,14,未锁定,铁道二楼B区
11564,B102,114,14,未锁定,铁道二楼B区
11553,B091,114,14,锁定,铁道二楼B区
11554,B092,114,14,锁定,铁道二楼B区
11555,B093,114,14,锁定,铁道二楼B区
11556,B094,114,14,未锁定,铁道二楼B区
11557,B095,114,14,未锁定,铁道二楼B区
11558,B096,114,14,未锁定,铁道二楼B区
11547,B085,114,14,锁定,铁道二楼B区
11548,B086,114,14,锁定,铁道二楼B区
11549,B087,114,14,锁定,铁道二楼B区
11550,B088,114,14,未锁定,铁道二楼B区
11551,B089,114,14,未锁定,铁道二楼B区
11552,B090,114,14,未锁定,铁道二楼B区
11541,B079,114,14,锁定,铁道二楼B区
11542,B080,114,14,锁定,铁道二楼B区
11543,B081,114,14,锁定,铁道二楼B区
11544,B082,114,14,未锁定,铁道二楼B区
11545,B083,114,14,未锁定,铁道二楼B区
11546,B084,114,14,未锁定,铁道二楼B区
11535,B073,114,14,锁定,铁道二楼B区
11536,B074,114,14,锁定,铁道二楼B区
11537,B075,114,14,锁定,铁道二楼B区
11538,B076,114,14,未锁定,铁道二楼B区
11539,B077,114,14,未锁定,铁道二楼B区
11540,B078,114,14,未锁定,铁道二楼B区
11529,B067,114,14,锁定,铁道二楼B区
11530,B068,114,14,锁定,铁道二楼B区
11531,B069,114,14,锁定,铁道二楼B区
11532,B070,114,14,未锁定,铁道二楼B区
11533,B071,114,14,未锁定,铁道二楼B区
11534,B072,114,14,未锁定,铁道二楼B区
11523,B061,114,14,锁定,铁道二楼B区
11524,B062,114,14,锁定,铁道二楼B区
11525,B063,114,14,锁定,铁道二楼B区
11526,B064,114,14,未锁定,铁道二楼B区
11527,B065,114,14,未锁定,铁道二楼B区
11528,B066,114,14,未锁定,铁道二楼B区
11517,B055,114,14,锁定,铁道二楼B区
11518,B056,114,14,锁定,铁道二楼B区
11519,B057,114,14,锁定,铁道二楼B区
11520,B058,114,14,未锁定,铁道二楼B区
11521,B059,114,14,未锁定,铁道二楼B区
11522,B060,114,14,未锁定,铁道二楼B区
11511,B049,114,14,锁定,铁道二楼B区
11512,B050,114,14,锁定,铁道二楼B区
11513,B051,114,14,锁定,铁道二楼B区
11514,B052,114,14,未锁定,铁道二楼B区
11515,B053,114,14,未锁定,铁道二楼B区
11516,B054,114,14,未锁定,铁道二楼B区
11505,B043,114,14,锁定,铁道二楼B区
11506,B044,114,14,锁定,铁道二楼B区
11507,B045,114,14,锁定,铁道二楼B区
11508,B046,114,14,未锁定,铁道二楼B区
11509,B047,114,14,未锁定,铁道二楼B区
11510,B048,114,14,未锁定,铁道二楼B区
11499,B037,114,14,锁定,铁道二楼B区
11500,B038,114,14,锁定,铁道二楼B区
11501,B039,114,14,锁定,铁道二楼B区
11502,B040,114,14,未锁定,铁道二楼B区
11503,B041,114,14,未锁定,铁道二楼B区
11504,B042,114,14,未锁定,铁道二楼B区
11493,B031,114,14,锁定,铁道二楼B区
11494,B032,114,14,锁定,铁道二楼B区
11495,B033,114,14,锁定,铁道二楼B区
11496,B034,114,14,未锁定,铁道二楼B区
11497,B035,114,14,未锁定,铁道二楼B区
11498,B036,114,14,未锁定,铁道二楼B区
11487,B025,114,14,锁定,铁道二楼B区
11488,B026,114,14,锁定,铁道二楼B区
11489,B027,114,14,锁定,铁道二楼B区
11490,B028,114,14,未锁定,铁道二楼B区
11491,B029,114,14,未锁定,铁道二楼B区
11492,B030,114,14,未锁定,铁道二楼B区
11481,B019,114,14,锁定,铁道二楼B区
11482,B020,114,14,锁定,铁道二楼B区
11483,B021,114,14,锁定,铁道二楼B区
11484,B022,114,14,未锁定,铁道二楼B区
11485,B023,114,14,未锁定,铁道二楼B区
11486,B024,114,14,未锁定,铁道二楼B区
11475,B013,114,14,锁定,铁道二楼B区
11476,B014,114,14,锁定,铁道二楼B区
11477,B015,114,14,锁定,铁道二楼B区
11478,B016,114,14,未锁定,铁道二楼B区
11479,B017,114,14,未锁定,铁道二楼B区
11480,B018,114,14,未锁定,铁道二楼B区
11469,B007,114,14,锁定,铁道二楼B区
11470,B008,114,14,锁定,铁道二楼B区
11471,B009,114,14,锁定,铁道二楼B区
11472,B010,114,14,未锁定,铁道二楼B区
11473,B011,114,14,未锁定,铁道二楼B区
11474,B012,114,14,未锁定,铁道二楼B区
10325,TF3A001,88,14,锁定,铁道三楼A区
10326,TF3A002,88,14,锁定,铁道三楼A区
10327,TF3A003,88,14,锁定,铁道三楼A区
10328,TF3A004,88,14,未锁定,铁道三楼A区
10329,TF3A005,88,14,未锁定,铁道三楼A区
10330,TF3A006,88,14,未锁定,铁道三楼A区
11383,TF3A037,88,14,锁定,铁道三楼A区
11384,TF3A038,88,14,锁定,铁道三楼A区
11385,TF3A039,88,14,锁定,铁道三楼A区
11386,TF3A040,88,14,未锁定,铁道三楼A区
11387,TF3A041,88,14,未锁定,铁道三楼A区
11388,TF3A042,88,14,未锁定,铁道三楼A区
11377,TF3A031,88,14,锁定,铁道三楼A区
11378,TF3A032,88,14,锁定,铁道三楼A区
11379,TF3A033,88,14,锁定,铁道三楼A区
11380,TF3A034,88,14,未锁定,铁道三楼A区
11381,TF3A035,88,14,未锁定,铁道三楼A区
11382,TF3A036,88,14,未锁定,铁道三楼A区
11371,TF3A025,88,14,锁定,铁道三楼A区
11372,TF3A026,88,14,锁定,铁道三楼A区
11373,TF3A027,88,14,锁定,铁道三楼A区
11374,TF3A028,88,14,未锁定,铁道三楼A区
11375,TF3A029,88,14,未锁定,铁道三楼A区
11376,TF3A030,88,14,未锁定,铁道三楼A区
11365,TF3A019,88,14,锁定,铁道三楼A区
11366,TF3A020,88,14,锁定,铁道三楼A区
11367,TF3A021,88,14,锁定,铁道三楼A区
11368,TF3A022,88,14,未锁定,铁道三楼A区
11369,TF3A023,88,14,未锁定,铁道三楼A区
11370,TF3A024,88,14,未锁定,铁道三楼A区
11359,TF3A013,88,14,锁定,铁道三楼A区
11360,TF3A014,88,14,锁定,铁道三楼A区
11361,TF3A015,88,14,锁定,铁道三楼A区
11362,TF3A016,88,14,未锁定,铁道三楼A区
11363,TF3A017,88,14,未锁定,铁道三楼A区
11364,TF3A018,88,14,未锁定,铁道三楼A区
10331,TF3A007,88,14,锁定,铁道三楼A区
10332,TF3A008,88,14,锁定,铁道三楼A区
11355,TF3A009,88,14,锁定,铁道三楼A区
11356,TF3A010,88,14,未锁定,铁道三楼A区
11357,TF3A011,88,14,未锁定,铁道三楼A区
11358,TF3A012,88,14,未锁定,铁道三楼A区
10449,TF5A001,91,14,锁定,铁道五楼A区
10450,TF5A002,91,14,锁定,铁道五楼A区
10451,TF5A003,91,14,锁定,铁道五楼A区
10452,TF5A004,91,14,锁定,铁道五楼A区
10453,TF5A005,91,14,未锁定,铁道五楼A区
10454,TF5A006,91,14,未锁定,铁道五楼A区
10479,TF5A031,91,14,未锁定,铁道五楼A区
10480,TF5A032,91,14,未锁定,铁道五楼A区
10473,TF5A025,91,14,锁定,铁道五楼A区
10474,TF5A026,91,14,锁定,铁道五楼A区
10475,TF5A027,91,14,锁定,铁道五楼A区
10476,TF5A028,91,14,锁定,铁道五楼A区
10477,TF5A029,91,14,未锁定,铁道五楼A区
10478,TF5A030,91,14,未锁定,铁道五楼A区
10467,TF5A019,91,14,锁定,铁道五楼A区
10468,TF5A020,91,14,锁定,铁道五楼A区
10469,TF5A021,91,14,未锁定,铁道五楼A区
10470,TF5A022,91,14,未锁定,铁道五楼A区
10471,TF5A023,91,14,未锁定,铁道五楼A区
10472,TF5A024,91,14,未锁定,铁道五楼A区
10461,TF5A013,91,14,未锁定,铁道五楼A区
10462,TF5A014,91,14,未锁定,铁道五楼A区
10463,TF5A015,91,14,未锁定,铁道五楼A区
10464,TF5A016,91,14,未锁定,铁道五楼A区
10465,TF5A017,91,14,锁定,铁道五楼A区
10466,TF5A018,91,14,锁定,铁道五楼A区
10455,TF5A007,91,14,未锁定,铁道五楼A区
10456,TF5A008,91,14,未锁定,铁道五楼A区
10457,TF5A009,91,14,锁定,铁道五楼A区
10458,TF5A010,91,14,锁定,铁道五楼A区
10459,TF5A011,91,14,锁定,铁道五楼A区
10460,TF5A012,91,14,锁定,铁道五楼A区
10481,TF6A001,92,14,锁定,铁道六楼A区
10482,TF6A002,92,14,锁定,铁道六楼A区
10483,TF6A003,92,14,锁定,铁道六楼A区
10484,TF6A004,92,14,未锁定,铁道六楼A区
10485,TF6A005,92,14,未锁定,铁道六楼A区
10486,TF6A006,92,14,未锁定,铁道六楼A区
11457,TF6A049,92,13,锁定,铁道六楼A区
11458,TF6A050,92,13,锁定,铁道六楼A区
11459,TF6A051,92,13,锁定,铁道六楼A区
11460,TF6A052,92,13,未锁定,铁道六楼A区
11461,TF6A053,92,13,未锁定,铁道六楼A区
11462,TF6A054,92,13,未锁定,铁道六楼A区
11451,TF6A043,92,13,锁定,铁道六楼A区
11452,TF6A044,92,13,锁定,铁道六楼A区
11453,TF6A045,92,13,锁定,铁道六楼A区
11454,TF6A046,92,13,未锁定,铁道六楼A区
11455,TF6A047,92,13,未锁定,铁道六楼A区
11456,TF6A048,92,13,未锁定,铁道六楼A区
11445,TF6A037,92,13,锁定,铁道六楼A区
11446,TF6A038,92,13,锁定,铁道六楼A区
11447,TF6A039,92,13,锁定,铁道六楼A区
11448,TF6A040,92,13,未锁定,铁道六楼A区
11449,TF6A041,92,13,未锁定,铁道六楼A区
11450,TF6A042,92,13,未锁定,铁道六楼A区
11439,TF6A031,92,13,锁定,铁道六楼A区
11440,TF6A032,92,13,锁定,铁道六楼A区
11441,TF6A033,92,13,锁定,铁道六楼A区
11442,TF6A034,92,13,未锁定,铁道六楼A区
11443,TF6A035,92,13,未锁定,铁道六楼A区
11444,TF6A036,92,13,未锁定,铁道六楼A区
11433,TF6A025,92,13,锁定,铁道六楼A区
11434,TF6A026,92,13,锁定,铁道六楼A区
11435,TF6A027,92,13,锁定,铁道六楼A区
11436,TF6A028,92,13,未锁定,铁道六楼A区
11437,TF6A029,92,13,未锁定,铁道六楼A区
11438,TF6A030,92,13,未锁定,铁道六楼A区
11427,TF6A019,92,13,锁定,铁道六楼A区
11428,TF6A020,92,13,锁定,铁道六楼A区
11429,TF6A021,92,13,锁定,铁道六楼A区
11430,TF6A022,92,13,未锁定,铁道六楼A区
11431,TF6A023,92,13,未锁定,铁道六楼A区
11432,TF6A024,92,13,未锁定,铁道六楼A区
10493,TF6A013,92,14,锁定,铁道六楼A区
10494,TF6A014,92,14,锁定,铁道六楼A区
10495,TF6A015,92,14,锁定,铁道六楼A区
10496,TF6A016,92,14,未锁定,铁道六楼A区
11425,TF6A017,92,13,未锁定,铁道六楼A区
11426,TF6A018,92,13,未锁定,铁道六楼A区
10487,TF6A007,92,14,锁定,铁道六楼A区
10488,TF6A008,92,14,锁定,铁道六楼A区
10489,TF6A009,92,14,锁定,铁道六楼A区
10490,TF6A010,92,14,未锁定,铁道六楼A区
10491,TF6A011,92,14,未锁定,铁道六楼A区
10492,TF6A012,92,14,未锁定,铁道六楼A区
